Task_ID,Phase,Task_Name,Description,Start_Date,End_Date,Duration_Days,Predecessor,Resource_Assignment,Effort_Hours,Milestone,Status,Risk_Level,Dependencies
TASK-001,Phase 1,Project Kickoff and Planning,Project initiation meeting and planning session,2024-02-01,2024-02-02,2,,Project Manager,16,Project Kickoff,Planned,Low,Executive approval
TASK-002,Phase 1,Requirements Validation,Validate and refine technical and business requirements,2024-02-03,2024-02-07,5,TASK-001,Business Analyst,40,Requirements Approved,Planned,Medium,Stakeholder availability
TASK-003,Phase 1,Architecture Design Review,Review and finalize solution architecture,2024-02-08,2024-02-14,7,TASK-002,Security Architect,56,Architecture Approved,Planned,Medium,Technical review board
TASK-004,Phase 1,Azure Subscription Preparation,Prepare Azure subscription and initial resource groups,2024-02-15,2024-02-16,2,TASK-003,Cloud Administrator,16,Azure Environment Ready,Planned,Low,Subscription access
TASK-005,Phase 1,Log Analytics Workspace Deployment,Deploy and configure Log Analytics workspace for Sentinel,2024-02-17,2024-02-19,3,TASK-004,EO Engineer,24,Workspace Deployed,Planned,Low,Azure permissions
TASK-006,Phase 1,Azure Sentinel Enablement,Enable Azure Sentinel on Log Analytics workspace,2024-02-20,2024-02-21,2,TASK-005,EO Engineer,16,Sentinel Enabled,Planned,Low,Workspace configuration
TASK-007,Phase 2,Azure AD Data Connector Configuration,Configure Azure Active Directory data connector,2024-02-22,2024-02-23,2,TASK-006,Identity Specialist,16,AAD Integration Complete,Planned,Medium,AAD admin permissions
TASK-008,Phase 2,Azure Security Center Integration,Integrate Azure Security Center with Sentinel,2024-02-24,2024-02-26,3,TASK-007,EO Engineer,24,ASC Integration Complete,Planned,Medium,ASC configuration
TASK-009,Phase 2,Microsoft 365 Defender Integration,Configure M365 Defender data connector,2024-02-27,2024-03-01,3,TASK-008,EO Engineer,24,M365 Integration Complete,Planned,Medium,M365 E5 licensing
TASK-010,Phase 2,Windows Security Events Configuration,Deploy Azure Monitor Agent and configure security events,2024-03-02,2024-03-06,5,TASK-009,EO Engineer,40,Windows Events Configured,Planned,High,Server access and permissions
TASK-011,Phase 2,Syslog Data Collection Setup,Configure syslog collection for network devices,2024-03-07,2024-03-12,6,TASK-010,Network Administrator,48,Syslog Collection Configured,Planned,High,Network device access
TASK-012,Phase 2,CEF Data Source Integration,Configure Common Event Format data sources,2024-03-13,2024-03-19,7,TASK-011,EO Engineer,56,CEF Sources Configured,Planned,High,Third-party tool APIs
TASK-013,Phase 3,Built-in Analytics Rules Deployment,Deploy and configure built-in detection rules,2024-03-20,2024-03-22,3,TASK-012,Security Analyst,24,Built-in Rules Deployed,Planned,Medium,Data source validation
TASK-014,Phase 3,Custom Detection Rules Development,Develop organization-specific detection analytics,2024-03-23,2024-04-02,11,TASK-013,Threat Intelligence Analyst,88,Custom Rules Deployed,Planned,High,Threat intelligence feeds
TASK-015,Phase 3,Machine Learning Analytics Configuration,Configure ML-powered behavioral analytics,2024-04-03,2024-04-09,7,TASK-014,Security Analyst,56,ML Analytics Enabled,Planned,High,Sufficient data volume
TASK-016,Phase 3,Analytics Rules Testing and Tuning,Test and optimize detection rules for accuracy,2024-04-10,2024-04-16,7,TASK-015,Security Analyst,56,Rules Optimized,Planned,Medium,Test data availability
TASK-017,Phase 4,Incident Configuration Setup,Configure incident creation and management settings,2024-04-17,2024-04-19,3,TASK-016,SOC Manager,24,Incident Configuration Complete,Planned,Low,ITSM integration
TASK-018,Phase 4,Automated Response Playbooks Development,Develop Logic Apps for automated incident response,2024-04-20,2024-05-01,12,TASK-017,EO Engineer,96,Playbooks Deployed,Planned,High,Integration APIs
TASK-019,Phase 4,User Account Disable Automation,Create automated user account disable playbook,2024-05-02,2024-05-06,5,TASK-018,Identity Specialist,40,Account Automation Complete,Planned,Medium,Identity management API
TASK-020,Phase 4,Email Security Response Automation,Develop automated email security response actions,2024-05-07,2024-05-13,7,TASK-019,Email Security Specialist,56,Email Automation Complete,Planned,Medium,Email security API
TASK-021,Phase 5,Threat Intelligence Integration,Configure threat intelligence data connectors,2024-05-14,2024-05-16,3,TASK-020,Threat Intelligence Analyst,24,TI Integration Complete,Planned,Medium,TI feed subscriptions
TASK-022,Phase 5,Watchlists and IoC Management Setup,Create and populate security watchlists,2024-05-17,2024-05-21,5,TASK-021,Threat Intelligence Analyst,40,Watchlists Configured,Planned,Low,IoC data sources
TASK-023,Phase 5,Advanced Hunting Queries Development,Develop advanced threat hunting queries,2024-05-22,2024-05-28,7,TASK-022,Senior Security Analyst,56,Hunting Queries Ready,Planned,Medium,KQL expertise
TASK-024,Phase 5,Threat Hunting Platform Configuration,Configure threat hunting workspace and tools,2024-05-29,2024-06-04,7,TASK-023,Senior Security Analyst,56,Hunting Platform Ready,Planned,Low,Platform access
TASK-025,Phase 6,Security Operations Workbook Development,Create comprehensive SOC dashboard workbook,2024-06-05,2024-06-11,7,TASK-024,Security Analyst,56,SOC Dashboard Complete,Planned,Low,Data visualization requirements
TASK-026,Phase 6,Executive Reporting Workbook Creation,Develop executive security reporting dashboard,2024-06-12,2024-06-18,7,TASK-025,Security Analyst,56,Executive Dashboard Complete,Planned,Low,Executive requirements
TASK-027,Phase 6,Compliance Reporting Automation,Configure automated compliance reporting,2024-06-19,2024-06-25,7,TASK-026,Compliance Analyst,56,Compliance Reporting Ready,Planned,Medium,Compliance frameworks
TASK-028,Phase 7,Security Team Training Program,Conduct comprehensive security team training,2024-06-26,2024-07-10,15,TASK-027,Training Coordinator,120,Team Training Complete,Planned,Medium,Training materials
TASK-029,Phase 7,Administrator Certification Training,Provide advanced administrator training,2024-07-11,2024-07-17,7,TASK-028,Training Coordinator,56,Admin Training Complete,Planned,Low,Certification requirements
TASK-030,Phase 7,End-User Security Training,Conduct security awareness training for end users,2024-07-18,2024-07-24,7,TASK-029,Security Awareness Coordinator,56,End-User Training Complete,Planned,Low,Training content
TASK-031,Phase 8,Performance Testing and Optimization,Conduct performance testing and optimization,2024-07-25,2024-07-31,7,TASK-030,Performance Engineer,56,Performance Optimized,Planned,High,Load testing tools
TASK-032,Phase 8,Security Testing and Validation,Perform security testing and penetration testing,2024-08-01,2024-08-07,7,TASK-031,Penetration Tester,56,Security Testing Complete,Planned,High,Security testing tools
TASK-033,Phase 8,User Acceptance Testing,Conduct user acceptance testing with security team,2024-08-08,2024-08-14,7,TASK-032,SOC Manager,56,UAT Complete,Planned,Medium,User availability
TASK-034,Phase 8,Documentation Completion,Finalize all technical and operational documentation,2024-08-15,2024-08-21,7,TASK-033,Technical Writer,56,Documentation Complete,Planned,Low,SME availability
TASK-035,Phase 9,Parallel Operations Setup,Configure parallel operations with legacy SIEM,2024-08-22,2024-08-28,7,TASK-034,EO Engineer,56,Parallel Operations Ready,Planned,High,Legacy SIEM access
TASK-036,Phase 9,Gradual Data Migration,Migrate historical security data to Sentinel,2024-08-29,2024-09-11,14,TASK-035,Data Engineer,112,Data Migration Complete,Planned,High,Data export capabilities
TASK-037,Phase 9,Monitoring and Alerting Cutover,Cutover primary monitoring to Azure Sentinel,2024-09-12,2024-09-18,7,TASK-036,SOC Manager,56,Monitoring Cutover Complete,Planned,High,Change management approval
TASK-038,Phase 9,Legacy SIEM Decommission Planning,Plan and prepare legacy SIEM decommissioning,2024-09-19,2024-09-25,7,TASK-037,Security Architect,56,Decommission Plan Ready,Planned,Medium,Stakeholder approval
TASK-039,Phase 10,Go-Live and Stabilization,Execute go-live and monitor system stability,2024-09-26,2024-10-02,7,TASK-038,Project Manager,56,Go-Live Complete,Planned,High,All team availability
TASK-040,Phase 10,Post-Implementation Support,Provide hypercare support and issue resolution,2024-10-03,2024-10-16,14,TASK-039,Support Team,112,Hypercare Support Complete,Planned,Medium,Support procedures
TASK-041,Phase 10,Performance Optimization,Fine-tune performance based on production usage,2024-10-17,2024-10-23,7,TASK-040,Performance Engineer,56,Performance Tuned,Planned,Medium,Performance metrics
TASK-042,Phase 10,Project Closure and Handover,Complete project closure and operational handover,2024-10-24,2024-10-30,7,TASK-041,Project Manager,56,Project Closed,Planned,Low,Operational team readiness