Task_ID,Task_Name,Phase,Start_Date,End_Date,Duration_Days,Dependencies,Owner,Status,Priority,Deliverables,Resources_Required,Risk_Level
TASK-001,Project Initiation and Planning,Planning,2025-02-01,2025-02-07,7,,Project Manager,Not Started,Critical,"Project charter, stakeholder analysis, communication plan",PM + Business Analyst,Low
TASK-002,Stakeholder Engagement and Buy-in,Planning,2025-02-03,2025-02-14,12,TASK-001,Change Management Specialist,Not Started,Critical,"Stakeholder commitment, executive sponsorship confirmation",Change Specialist + PM,Medium
TASK-003,Current State Assessment,Planning,2025-02-08,2025-02-21,14,TASK-001,Platform Architect,Not Started,High,"Current state documentation, gap analysis, migration assessment",Platform Architect + Business Analyst,Low
TASK-004,Azure Subscription and Tenant Setup,Infrastructure,2025-02-15,2025-02-18,4,TASK-003,Infrastructure Engineer,Not Started,Critical,"Azure subscription configured, tenant setup, resource groups created",Infrastructure Engineer,Low
TASK-005,Azure AD Integration Configuration,Infrastructure,2025-02-19,2025-02-25,7,TASK-004,EO Engineer,Not Started,Critical,"SSO configured, RBAC implemented, MFA enabled",EO Engineer + Infrastructure Engineer,Medium
TASK-006,Azure DevOps Organization Setup,Platform,2025-02-26,2025-03-04,7,TASK-005,EO Engineering Lead,Not Started,Critical,"Azure DevOps organization created, initial configuration completed",DevOps Lead + EO Engineer,Low
TASK-007,Network Infrastructure Configuration,Infrastructure,2025-03-01,2025-03-10,10,TASK-004,Network Engineer,Not Started,High,"VNet created, subnets configured, NSGs implemented, routing configured",Network Engineer + Infrastructure Engineer,Medium
TASK-008,Azure Key Vault Setup,Security,2025-03-05,2025-03-07,3,TASK-005,EO Engineer,Not Started,Critical,"Key Vault deployed, access policies configured, secrets management ready",EO Engineer,Low
TASK-009,Azure Container Registry Deployment,Platform,2025-03-08,2025-03-11,4,TASK-006,EO Engineer,Not Started,High,"ACR deployed, vulnerability scanning enabled, access configured",EO Engineer + EO Engineer,Low
TASK-010,Azure Kubernetes Service Setup,Platform,2025-03-12,2025-03-18,7,TASK-007,Container Platform Engineer,Not Started,High,"AKS cluster deployed, RBAC configured, monitoring enabled",Container Platform Engineer + EO Engineer,Medium
TASK-011,Monitoring and Logging Infrastructure,Operations,2025-03-15,2025-03-21,7,TASK-004,Monitoring Specialist,Not Started,High,"Log Analytics workspace, Application Insights, monitoring dashboards",Monitoring Specialist + Operations Team,Low
TASK-012,Security Scanning Tools Integration,Security,2025-03-19,2025-03-25,7,TASK-008,EO Engineer,Not Started,High,"SonarCloud configured, WhiteSource integrated, security gates implemented",EO Engineer + EO Engineer,Medium
TASK-013,Source Control Migration Planning,Migration,2025-03-22,2025-03-28,7,TASK-006,EO Engineering Lead,Not Started,High,"Migration plan, repository mapping, branch strategy defined",DevOps Lead + Senior Developer,Medium
TASK-014,CI/CD Pipeline Templates Creation,Development,2025-03-26,2025-04-04,10,TASK-009,Senior EO Engineer,Not Started,High,"YAML pipeline templates, build definitions, deployment patterns",Senior EO Engineer + EO Engineer,Medium
TASK-015,Infrastructure as Code Development,Infrastructure,2025-04-01,2025-04-11,11,TASK-010,Infrastructure Engineer,Not Started,High,"Terraform modules, ARM templates, deployment scripts",Infrastructure Engineer + EO Engineer,Medium
TASK-016,Test Automation Framework Setup,Testing,2025-04-05,2025-04-15,11,TASK-014,QA Automation Engineer,Not Started,High,"Test frameworks, automated test suites, integration with pipelines",QA Automation Engineer + Senior Developer,Medium
TASK-017,Pilot Team Selection and Preparation,Planning,2025-04-08,2025-04-11,4,TASK-002,Project Manager,Not Started,High,"Pilot teams identified, training scheduled, success criteria defined",PM + Change Specialist,Low
TASK-018,Initial Training Program Delivery,Training,2025-04-12,2025-04-25,14,TASK-017,Training Coordinator,Not Started,High,"Training materials, hands-on workshops, certification tracking",Training Coordinator + DevOps Lead,Medium
TASK-019,Pilot Migration Execution,Migration,2025-04-16,2025-04-30,15,TASK-013,EO Engineering Lead,Not Started,Critical,"Pilot repositories migrated, pipelines converted, testing completed",DevOps Lead + Migration Team,High
TASK-020,Security and Compliance Validation,Security,2025-04-26,2025-05-02,7,TASK-012,Compliance Officer,Not Started,Critical,"Security assessment, compliance verification, audit trail testing",Compliance Officer + EO Engineer,Medium
TASK-021,Performance Testing and Optimization,Performance,2025-05-01,2025-05-09,9,TASK-016,Performance Engineer,Not Started,High,"Performance baselines, load testing, optimization recommendations",Performance Engineer + EO Engineer,Medium
TASK-022,Pilot Phase Review and Lessons Learned,Review,2025-05-05,2025-05-09,5,TASK-019,Project Manager,Not Started,High,"Pilot assessment, lessons learned, rollout plan refinement",PM + All Team Leads,Low
TASK-023,Documentation and Runbook Creation,Documentation,2025-05-10,2025-05-23,14,TASK-020,Technical Writer,Not Started,High,"Operational runbooks, user guides, troubleshooting documentation",Technical Writer + SMEs,Low
TASK-024,Backup and Disaster Recovery Setup,Operations,2025-05-12,2025-05-20,9,TASK-011,Backup Specialist,Not Started,High,"Backup policies, DR procedures, recovery testing",Backup Specialist + Operations Team,Medium
TASK-025,Team Rollout Wave 1 (25% of teams),Rollout,2025-05-24,2025-06-13,21,TASK-022,EO Engineering Lead,Not Started,Critical,"25% of development teams migrated and operational",DevOps Team + Training Team,High
TASK-026,API Management Platform Setup,Integration,2025-05-26,2025-06-06,12,TASK-010,Integration Engineer,Not Started,Medium,"API Management configured, policies defined, documentation generated",Integration Engineer + Platform Architect,Medium
TASK-027,Advanced CI/CD Features Implementation,Development,2025-06-02,2025-06-16,15,TASK-025,Senior EO Engineer,Not Started,High,"Advanced pipelines, deployment strategies, feature flags",Senior EO Engineer + DevOps Team,Medium
TASK-028,Third-party Tool Integrations,Integration,2025-06-09,2025-06-23,15,TASK-026,Integration Engineer,Not Started,Medium,"ITSM integration, monitoring tools, communication platforms",Integration Engineer + Admin Team,Medium
TASK-029,Team Rollout Wave 2 (50% of teams),Rollout,2025-06-14,2025-07-11,28,TASK-025,EO Engineering Lead,Not Started,Critical,"Additional 50% of teams migrated, total 75% operational",DevOps Team + Support Team,High
TASK-030,Cost Optimization and FinOps Setup,Financial,2025-06-16,2025-06-27,12,TASK-011,Cost Management Specialist,Not Started,Medium,"Cost monitoring, budget alerts, optimization recommendations",Cost Specialist + Platform Team,Low
TASK-031,Advanced Security Features Implementation,Security,2025-06-30,2025-07-14,15,TASK-020,EO Engineer,Not Started,High,"Advanced threat protection, policy enforcement, vulnerability management",EO Engineer + DevOps Team,Medium
TASK-032,User Experience and Interface Optimization,UX,2025-07-07,2025-07-18,12,TASK-029,UX Developer,Not Started,Low,"UI improvements, user experience enhancements, usability testing",UX Developer + User Representatives,Low
TASK-033,Team Rollout Wave 3 (Final 25% of teams),Rollout,2025-07-12,2025-08-01,21,TASK-029,EO Engineering Lead,Not Started,Critical,"Final teams migrated, 100% organizational coverage achieved",DevOps Team + Full Support,High
TASK-034,Performance Monitoring and Tuning,Performance,2025-07-19,2025-08-01,14,TASK-031,Performance Engineer,Not Started,High,"Performance optimization, capacity planning, SLA validation",Performance Engineer + Operations Team,Medium
TASK-035,Knowledge Transfer and Documentation Update,Training,2025-07-26,2025-08-08,14,TASK-033,Technical Writer,Not Started,High,"Knowledge transfer sessions, updated documentation, self-service resources",Technical Writer + All SMEs,Low
TASK-036,Support Model Implementation,Operations,2025-08-02,2025-08-09,8,TASK-033,Technical Support Specialist,Not Started,High,"Support processes, escalation procedures, help desk integration",Support Specialist + Operations Team,Low
TASK-037,Compliance and Audit Preparation,Compliance,2025-08-05,2025-08-15,11,TASK-031,Compliance Officer,Not Started,Medium,"Compliance documentation, audit trail verification, policy validation",Compliance Officer + Legal Team,Medium
TASK-038,Change Management and Culture Assessment,Cultural,2025-08-10,2025-08-22,13,TASK-035,Change Management Specialist,Not Started,Medium,"Culture assessment, change adoption metrics, continuous improvement plan",Change Specialist + HR Team,Low
TASK-039,Platform Optimization and Fine-tuning,Optimization,2025-08-16,2025-08-29,14,TASK-036,Platform Architect,Not Started,High,"Platform optimization, resource utilization, performance improvements",Platform Architect + Operations Team,Medium
TASK-040,Go-Live Certification and Sign-off,Closure,2025-08-23,2025-08-29,7,TASK-037,Project Manager,Not Started,Critical,"Go-live certification, stakeholder sign-off, project closure",PM + Executive Sponsors,Low
TASK-041,Post-Implementation Support Transition,Transition,2025-08-30,2025-09-05,7,TASK-040,Operations Manager,Not Started,High,"Support transition, operational handover, monitoring setup",Operations Manager + Support Team,Low
TASK-042,Success Metrics Collection and Reporting,Measurement,2025-09-01,2025-09-12,12,TASK-040,Business Analyst,Not Started,Medium,"Success metrics, ROI analysis, benefit realization report",Business Analyst + PM,Low
TASK-043,Continuous Improvement Planning,Planning,2025-09-06,2025-09-19,14,TASK-041,EO Engineering Lead,Not Started,Medium,"Improvement backlog, optimization roadmap, innovation initiatives",DevOps Lead + Platform Team,Low
TASK-044,Lessons Learned and Best Practices Documentation,Documentation,2025-09-13,2025-09-26,14,TASK-042,Technical Writer,Not Started,Low,"Lessons learned document, best practices guide, knowledge repository",Technical Writer + Project Team,Low
TASK-045,Project Closure and Celebration,Closure,2025-09-20,2025-09-26,7,TASK-043,Project Manager,Not Started,Low,"Project closure report, team recognition, success celebration",PM + All Team Members,Low