Phase,Work Package,Task Description,Resource Type,Estimated Hours,Rate,Cost Estimate,Dependencies,Risk Level,Notes
Discovery,AI/ML Requirements Gathering,Conduct stakeholder interviews for AI/ML requirements,EO Engineer,40,$150,"=TEXT(E2*F2,""$#,##0"")",,Medium,Focus on data processing workflows and model requirements
Discovery,Data Analysis,Analyze current data types processing volumes and AI/ML requirements,EO Engineer,32,$200,"=TEXT(E3*F3,""$#,##0"")",,Medium,Data classification and model training requirements
Discovery,AWS AI Services Assessment,Evaluate AWS AI/ML services (Textract Comprehend SageMaker),EO Engineer,24,$200,"=TEXT(E4*F4,""$#,##0"")",,Medium,Focus on service selection and integration requirements
Discovery,Compliance Review,Assess data privacy and AI governance requirements,EO Engineer,16,$175,"=TEXT(E5*F5,""$#,##0"")",,Medium,GDPR HIPAA and AI ethics considerations
Planning,AI/ML Architecture Design,Design AWS AI/ML pipeline and model architecture,EO Engineer,48,$200,"=TEXT(E6*F6,""$#,##0"")",,Medium,Include data flow model training and inference
Planning,Data Pipeline Design,Design data ingestion preprocessing and feature engineering,EO Engineer,32,$180,"=TEXT(E7*F7,""$#,##0"")",,Medium,Include real-time and batch processing workflows
Planning,Model Training Strategy,Design model training validation and deployment strategy,EO Engineer,24,$175,"=TEXT(E8*F8,""$#,##0"")",,Medium,Include MLOps and model lifecycle management
Planning,Project Planning,Develop AI/ML implementation timeline and resource allocation,EO Engineer,24,$140,"=TEXT(E9*F9,""$#,##0"")",,Medium,Coordinate with data science and engineering teams
Development,AWS AI Infrastructure Setup,Provision SageMaker Textract Comprehend and supporting services,EO Engineer,40,$160,"=TEXT(E10*F10,""$#,##0"")",,Medium,Multi-environment setup with model endpoints
Development,Data Pipeline Development,Build data ingestion preprocessing and feature pipelines,EO Engineer,80,$130,"=TEXT(E11*F11,""$#,##0"")",,Medium,Include data validation and quality checks
Development,Model Development,Develop train and optimize AI/ML models,EO Engineer,60,$170,"=TEXT(E12*F12,""$#,##0"")",,Medium,Include hyperparameter tuning and validation
Development,Model Deployment,Deploy models to production endpoints with monitoring,EO Engineer,48,$165,"=TEXT(E13*F13,""$#,##0"")",,Medium,Include A/B testing and model versioning
Development,AI Application Logic,Build application logic for model inference and results processing,EO Engineer,40,$130,"=TEXT(E14*F14,""$#,##0"")",,Medium,Handle various data formats and edge cases
Development,API Development,Create REST APIs for AI/ML model inference,EO Engineer,32,$125,"=TEXT(E15*F15,""$#,##0"")",,Medium,Include authentication rate limiting and scaling
Development,User Interface,Build interface for data input model interaction and results,EO Engineer,40,$125,"=TEXT(E16*F16,""$#,##0"")",,Medium,Include visualization and explainable AI features
Testing,Unit Testing,Develop automated tests for all solution components,EO Engineer,32,$120,"=TEXT(E17*F17,""$#,##0"")",,Medium,Include technology-specific testing frameworks
Testing,Integration Testing,Test system integrations data flows and external dependencies,EO Engineer,40,$120,"=TEXT(E18*F18,""$#,##0"")",,Medium,Include end-to-end workflow validation
Testing,Performance Testing,Conduct load performance and scalability testing,EO Engineer,24,$140,"=TEXT(E19*F19,""$#,##0"")",,Medium,Include production-like environment and stress testing
Testing,Security Testing,Perform security assessments penetration testing and compliance validation,EO Engineer,16,$175,"=TEXT(E20*F20,""$#,##0"")",,Medium,Include vulnerability scanning and compliance checks
Testing,User Acceptance Testing,Coordinate UAT with business users and stakeholders,EO Engineer,32,$150,"=TEXT(E21*F21,""$#,##0"")",,Medium,Include training feedback collection and sign-off
Deployment,Production Deployment,Deploy solution to production environment with monitoring,EO Engineer,24,$160,"=TEXT(E22*F22,""$#,##0"")",,Medium,Include blue-green deployment rollback and validation
Deployment,Go-Live Support,Provide comprehensive support during initial production rollout,EO Engineer,48,$110,"=TEXT(E23*F23,""$#,##0"")",,Medium,Include 24/7 support monitoring and issue resolution
Training,Administrator Training,Train system administrators and technical support teams,EO Engineer,16,$130,"=TEXT(E24*F24,""$#,##0"")",,Medium,Include hands-on technical training and certification
Training,End User Training,Train business users on solution functionality and workflows,EO Engineer,24,$120,"=TEXT(E25*F25,""$#,##0"")",,Medium,Include role-based training documentation and support
Training,Documentation,Create comprehensive technical and user documentation,EO Engineer,32,$110,"=TEXT(E26*F26,""$#,##0"")",,Medium,Include runbooks troubleshooting guides and best practices
Closeout,Knowledge Transfer,Transfer solution ownership to operations and support teams,EO Engineer,16,$140,"=TEXT(E27*F27,""$#,##0"")",,Medium,Include operational procedures escalation and maintenance
Closeout,Performance Baseline,Establish performance metrics monitoring baselines and SLAs,EO Engineer,8,$130,"=TEXT(E28*F28,""$#,##0"")",,Medium,Include KPI definition monitoring setup and reporting
Management,Technical Leadership,Quarterback technical oversight and architecture review,EO Quarterback,"=ROUND(SUM(E2:E28)*0.25,0)",$180,"=TEXT(E29*F29,""$#,##0"")",,Medium,25% of engineering effort
Management,Project Management,Project coordination and management activities,EO Project Manager,"=ROUND(SUM(E2:E28)*0.20,0)",$150,"=TEXT(E30*F30,""$#,##0"")",,Low,20% of engineering effort
,,,     TOTAL HOURS,1293,   TOTAL COST,"=TEXT(E2*F2+E3*F3+E4*F4+E5*F5+E6*F6+E7*F7+E8*F8+E9*F9+E10*F10+E11*F11+E12*F12+E13*F13+E14*F14+E15*F15+E16*F16+E17*F17+E18*F18+E19*F19+E20*F20+E21*F21+E22*F22+E23*F23+E24*F24+E25*F25+E26*F26+E27*F27+E28*F28+E29*F29+E30*F30,""$#,##0"")",,,Total Dgx Superpod project cost estimate
